text,label
The quick brown fox jumps over the lazy dog is an English-language pangram a sentence that contains all the letters of the alphabet. The phrase is commonly used for touch-typing practice  testing typewriters and computer keyboards  displaying examples of fonts  and other applications involving text where the use of all letters in the alphabet is desired.,private
public content,public
The quick brown fox jumps over the lazy dog is an English-language pangram a sentence that contains all the letters of the alphabet. The phrase is commonly used for touch-typing practice  testing typewriters and computer keyboards  displaying examples of fonts  and other applications involving text where the use of all letters in the alphabet is desired.,private
public domain,public
The quick brown fox jumps over the lazy dog is an English-language pangram a sentence that contains all the letters of the alphabet. The phrase is commonly used for touch-typing practice  testing typewriters and computer keyboards  displaying examples of fonts  and other applications involving text where the use of all letters in the alphabet is desired.,private
public text any one can use,public
The quick brown fox jumps over the lazy dog is an English-language pangram a sentence that contains all the letters of the alphabet. The phrase is commonly used for touch-typing practice  testing typewriters and computer keyboards  displaying examples of fonts  and other applications involving text where the use of all letters in the alphabet is desired.,private
The quick brown fox jumps over the lazy dog is an English-language pangram a sentence that contains all the letters of the alphabet. The phrase is commonly used for touch-typing practice  testing typewriters and computer keyboards  displaying examples of fonts  and other applications involving text where the use of all letters in the alphabet is desired.,private
The quick brown fox jumps over the lazy dog is an English-language pangram a sentence that contains all the letters of the alphabet. The phrase is commonly used for touch-typing practice  testing typewriters and computer keyboards  displaying examples of fonts  and other applications involving text where the use of all letters in the alphabet is desired.,private
